From Date,To Date,PM2.5,PM10,NO,NO2,NOx,NH3,SO2,CO,O3,Benzene,Toluene,Eth-Benzene,MP-Xylene,O-Xylene,RH,WS,WD,SR,RF,AT,TOT-RF
01-01-2024 00:00,02-01-2024 00:00,96.8,176.4,4.93,49.03,29.57,21.03,19.34,1.41,55.82,10.74,30.18,4.95,17.63,7.65,71.63,1.06,219.27,112.09,0,21.91,0
02-01-2024 00:00,03-01-2024 00:00,80.72,153.65,6.01,43.9,27.76,18.96,14.35,1.27,38.68,11.72,63.24,8.38,22.67,10.38,77.04,1.1,219.08,86.13,0,20.51,0
03-01-2024 00:00,04-01-2024 00:00,77.95,141.38,8.41,41.23,28.29,19.77,23.81,1.33,41.91,11.93,59.3,13.72,29.12,13.48,79.24,1,192.22,70.5,0,20.51,0
04-01-2024 00:00,05-01-2024 00:00,77.67,134.19,4.34,46.64,27.84,19.87,19.29,1.17,42.94,10.27,30.61,5.13,18,7.87,77.85,0.97,189.17,44.53,0,21.11,0
05-01-2024 00:00,06-01-2024 00:00,79.25,141.56,8.5,50.86,33.39,24.72,18.42,1.54,34.99,11.83,36.94,7.04,23.98,10.58,77.96,0.94,195.45,70.27,0,21.54,0
06-01-2024 00:00,07-01-2024 00:00,67.85,117.9,2.78,32.57,19.25,16.45,24.63,0.93,33.03,5.61,16.07,1.49,4.96,1.74,79.53,1.1,182.41,35.43,0,21.27,0
07-01-2024 00:00,08-01-2024 00:00,71.48,118.69,1.87,28.83,16.56,11.63,21.92,0.77,50.75,6.79,12.86,3,6.97,3.49,77.54,0.84,148.88,62.11,0,21.3,0
08-01-2024 00:00,09-01-2024 00:00,62.05,113.8,8.77,39.14,27.59,19.01,17.19,1.26,47.28,10.72,33.44,9.08,23.5,12.95,73.71,0.99,205.35,94.81,0,21.89,0
09-01-2024 00:00,10-01-2024 00:00,70.57,137.65,9.14,49.47,33.18,20.42,21.95,1.1,39.83,9.67,23.29,6.56,13.82,5.28,70.3,1.08,219.61,80.33,0,22.65,0
10-01-2024 00:00,11-01-2024 00:00,57.88,103.07,4.31,30.98,19.64,12.03,23.49,0.77,50.72,8.57,26.34,10.66,20.76,6.33,73.02,1.1,272.26,67.08,0,22.95,0.4
11-01-2024 00:00,12-01-2024 00:00,52.68,100.24,4.65,40.58,24.93,15.16,29.11,1.06,35.67,9.67,29.42,7.36,21.12,8.51,74.76,0.94,180.65,82.95,0,23.02,0
12-01-2024 00:00,13-01-2024 00:00,57.89,109.19,5.75,40.02,25.52,15.43,29.38,0.99,39.77,8.91,36.28,8.05,19.67,9.28,73.96,1.08,226.43,98.34,0,22.86,0
13-01-2024 00:00,14-01-2024 00:00,67.7,126.86,5.41,41.93,26.24,15,16.22,0.82,39.02,7.73,30.26,6.56,17.2,6.82,70.26,0.92,241.77,105.17,0,23.16,0
14-01-2024 00:00,15-01-2024 00:00,69.18,130.07,3.12,37.04,21.85,12.67,18.83,0.78,48.59,7.25,28.18,4.23,11.72,4.87,69.96,1.06,242.83,89.98,0,23.46,0
15-01-2024 00:00,16-01-2024 00:00,65.85,117.38,3.27,35.58,21.21,11.42,24.15,0.7,60.45,6.58,19.76,3.38,10.57,4.66,66.9,1,219.76,113.93,0,22.54,0
16-01-2024 00:00,17-01-2024 00:00,56.55,109.84,2.73,35.69,20.81,12.4,14.31,0.77,56.62,6.36,20.75,3.57,11.04,4.63,67.25,1.03,228.12,118.44,0,20.95,0
17-01-2024 00:00,18-01-2024 00:00,90.28,167.93,5.58,44.1,27.52,17.37,14.35,1.19,38.5,10.67,37.99,9.14,23.97,10.23,78.64,1.06,208.62,51.07,0,21.37,0
18-01-2024 00:00,19-01-2024 00:00,73.33,143.27,0.79,25.93,14.18,7.27,14.75,0.6,53.79,6.17,15.03,1.74,6.08,2.06,72.67,0.91,158.82,66.25,0,22.19,0
19-01-2024 00:00,20-01-2024 00:00,65.97,115.44,1.26,22.29,12.43,6.19,22.71,0.65,73.73,4.82,9.76,1.04,3.36,1.21,62.08,0.95,130.95,93.99,0,21.7,0
20-01-2024 00:00,21-01-2024 00:00,82.76,147.77,10.55,36.92,27.75,17.19,29.79,1.26,45.01,9.37,23.85,4.87,15.44,6.9,71.22,0.93,159.6,68.44,0,22,0
21-01-2024 00:00,22-01-2024 00:00,105.11,175.08,2.23,30.26,17.6,10.49,39.47,0.8,65.94,7.27,19.16,2.19,5.65,2.26,72.6,1.01,186.81,80.23,0,21.61,0
22-01-2024 00:00,23-01-2024 00:00,91.19,151.73,2.1,26.9,15.74,8.77,34.75,0.7,67.75,5.36,11.28,1.23,3.92,1.4,66.51,0.97,159.55,76.82,0,21.04,0
23-01-2024 00:00,24-01-2024 00:00,102.06,161.19,2.38,26.97,16,9.26,43.33,0.93,49.77,7.53,13.29,1.38,4.69,1.56,79.79,0.85,153.04,40.27,0,21.28,0
24-01-2024 00:00,25-01-2024 00:00,62.56,114.25,2.09,31.61,18.19,8.9,32.64,0.66,60.73,5.47,11.27,1.54,4.54,1.88,57.15,1.16,264.8,121.53,0,19.52,0
25-01-2024 00:00,26-01-2024 00:00,60.99,104.76,11.3,48.07,34.18,16.64,32.15,0.91,53.17,7.62,20.72,4.11,11.17,5.62,53.43,1.08,213.28,122.02,0,17.99,0
26-01-2024 00:00,27-01-2024 00:00,99.74,165.49,6.93,57.61,35.66,16.64,37.23,0.93,48.78,9.45,22.84,4.14,12.74,5.8,62.7,1.13,218.09,123.24,0,18.4,0
27-01-2024 00:00,28-01-2024 00:00,82.8,138.79,10.02,59.81,39.28,19.47,34.85,1.01,52.8,9.64,26.75,4.54,12.99,6.22,59.51,1,152.94,107.31,0,19.36,0
28-01-2024 00:00,29-01-2024 00:00,84.84,137.41,4.84,50.42,30.19,14.2,30.88,0.8,55.45,7.93,23.26,4.27,10.99,5.09,61.55,0.86,144.67,131.97,0,20.61,0
29-01-2024 00:00,30-01-2024 00:00,110.67,182.46,9.55,55.83,36.79,21.77,38.26,1.21,49.89,10.89,44.57,10.53,21.86,8.91,62.25,1.09,201.66,117.82,0,21.71,0
30-01-2024 00:00,31-01-2024 00:00,105.21,178.39,14.12,50.59,37.75,22.72,48.39,1.35,62.2,11.01,41.48,9.19,23.64,10.54,64.76,1.08,222.76,105.76,0,21.87,0
31-01-2024 00:00,01-02-2024 00:00,103.75,171.01,8.98,52.08,34.41,21.69,22.13,1.19,40.45,10.76,34.17,6.04,20.05,8.35,67.99,1.13,241.28,78.4,0,22.43,0
01-02-2024 00:00,02-02-2024 00:00,95.04,164.54,3.37,44.77,26.01,15.53,23.4,0.88,50.28,9.02,30.87,6.3,16.24,6.74,68.19,0.98,223.4,72.56,0,23.48,0
02-02-2024 00:00,03-02-2024 00:00,61.69,111.62,3.95,33.87,20.53,11.94,31.88,0.72,53.78,6.77,20.36,3.79,9.66,4.85,60.28,1.19,234.38,108.58,0,23.02,0
03-02-2024 00:00,04-02-2024 00:00,56.95,110.23,7.75,42.17,28.24,16.17,22.92,0.9,48.52,7.26,23.57,3.85,11.71,5.83,56.89,1.08,228.02,148.83,0,22.39,0
04-02-2024 00:00,05-02-2024 00:00,80.2,145.87,6.17,48.4,30.23,16.33,28.53,0.96,44.69,9.01,45.71,6.73,15.44,6.66,58.2,1.06,223.26,144.07,0,23.34,0
05-02-2024 00:00,06-02-2024 00:00,88.49,155.27,9.77,48.67,33.32,14.16,24.06,1.44,31.06,11.69,74.98,16,30.38,12.32,63.76,1.09,243.08,124.82,0,24.73,0
06-02-2024 00:00,07-02-2024 00:00,75.62,139.5,5.7,51.47,30.47,8.01,23.1,0.58,45.56,9.48,118.9,34.32,42.53,16.69,59.55,1.1,248.35,138.28,0,25.68,0
07-02-2024 00:00,08-02-2024 00:00,70.67,122.92,2.28,45.13,25.23,9.23,36.77,0.72,61.89,4.05,13.89,1.71,5.19,2.02,64.45,1.1,162.36,136.84,0,24.74,0
08-02-2024 00:00,09-02-2024 00:00,35.58,87.28,2.72,36.81,20.56,6.25,45.92,0.39,64.08,2.13,7.03,0.67,1.79,0.71,48.17,1.14,175.97,148.55,0,22.25,0
09-02-2024 00:00,10-02-2024 00:00,37.34,78.6,5.39,53.91,32.49,9.42,30.53,0.66,62.7,3.95,13.17,1.42,4.01,1.65,43.28,1.04,184.73,163.16,0,21.33,0
10-02-2024 00:00,11-02-2024 00:00,69.04,126.98,3,53.7,30.46,9.39,32.87,0.76,63,5.09,11.64,1.12,3.43,1.49,58.09,0.94,157.9,44.29,0,22.11,0
11-02-2024 00:00,12-02-2024 00:00,89.09,138.01,5.8,42.04,26.62,8.05,25.55,0.7,55.48,3.68,10.99,0.98,3.17,1.06,73.74,0.87,166.47,33.44,0,23.45,0.2
12-02-2024 00:00,13-02-2024 00:00,64.63,101.03,6.58,48.2,30.46,10.2,18.3,0.85,47,4.31,16.98,1.75,6.26,2.35,71.7,1.16,149.59,94.95,0,24.18,0
13-02-2024 00:00,14-02-2024 00:00,57.8,103.18,7.82,57.31,36.21,11.2,17.43,0.78,36.9,4.5,17.75,2.14,6.8,2.45,63.94,1.23,150.81,111.01,0,24.84,0
14-02-2024 00:00,15-02-2024 00:00,62.67,118.69,16.07,65.75,47.24,16.63,16.15,1.28,35.15,7.34,41.21,6.01,14.47,5.77,65.59,1.24,217.65,116.81,0,24.89,0
15-02-2024 00:00,16-02-2024 00:00,83.48,129.76,2.01,29.13,16.83,4.84,41,0.37,70.05,3.66,12.7,1.11,3.94,1.42,68.21,1,127.36,124.92,0,25.02,0
16-02-2024 00:00,17-02-2024 00:00,66.64,109.93,6.29,48.11,30.18,9.98,19.12,0.95,58.58,5.78,23.26,3.39,9.84,4.26,66.33,1.08,214.79,127.94,0,25.05,0
17-02-2024 00:00,18-02-2024 00:00,75.67,124.85,5.52,59.36,35.44,9.02,18.68,0.75,51.25,5.61,24.86,4.43,10.47,4.09,59.96,0.96,221.32,133.26,0,25.89,0
18-02-2024 00:00,19-02-2024 00:00,81.17,150.88,15.79,72.18,50.38,16.63,19.36,1.1,43.94,7.06,53.37,10.32,16.93,6.65,52.34,1.03,205.34,120.07,0,26.95,0
19-02-2024 00:00,20-02-2024 00:00,54.07,96.77,5.99,55.54,33.82,11.82,21.48,0.61,50.46,5.16,29.25,2.59,7.26,2.57,48.73,1.12,220.48,146.9,0,27.06,0
20-02-2024 00:00,21-02-2024 00:00,47.36,93.21,7.61,59.65,37.26,19.37,26.63,0.84,51.78,6.02,35.16,3.25,8.96,3.3,46.25,0.89,233.07,141.44,0,27.74,0
21-02-2024 00:00,22-02-2024 00:00,36.8,86.9,4.23,42.97,25.84,20.27,16.32,0.42,50.12,4.07,36.9,5.3,8.22,2.65,44.27,1.02,272.17,170.75,0,26.9,0
22-02-2024 00:00,23-02-2024 00:00,31.19,65.46,3.08,23.23,14.61,16.23,13.74,0.3,59.11,1.84,8.41,0.83,2.13,0.56,46.22,1.08,296.34,170.71,0,25.48,0
23-02-2024 00:00,24-02-2024 00:00,51.02,107.54,3.78,44.09,26.07,14.62,36.91,0.64,61.48,3.54,14.64,1.48,4.12,1.57,54.77,1.09,216.22,155.31,0,24.01,0
24-02-2024 00:00,25-02-2024 00:00,63.98,116.53,5.24,46.02,28.25,9.61,24.47,0.6,69.08,4.13,14.25,1.67,4.32,2.03,50.26,1.09,240.35,147.89,0,24.42,0
25-02-2024 00:00,26-02-2024 00:00,69.73,120.15,2.3,31.12,18.1,6,42.61,0.44,84.66,2.55,6.61,0.49,1.18,0.4,56.09,0.97,140.72,138.57,0,24.79,0
26-02-2024 00:00,27-02-2024 00:00,66.63,114.97,4.81,36.43,22.89,12.99,22.26,0.74,51.87,3.57,12.31,1.64,4.06,1.52,66.17,1.27,133.36,70.41,0,26.19,0
27-02-2024 00:00,28-02-2024 00:00,54.24,93,3.64,30.82,19.02,15,17.16,0.59,50.14,3.1,10.65,0.76,2.85,0.83,64.31,1.09,197.81,118,0,27.43,0
28-02-2024 00:00,29-02-2024 00:00,37.54,75.79,3.75,36.17,21.9,15.52,24.21,0.67,60.21,3.19,12.63,1.14,3.57,1.45,59.66,0.98,184.65,158.13,0,26.09,0
29-02-2024 00:00,01-03-2024 00:00,51.85,95.02,3.18,35.78,21.25,15.9,25.34,0.56,56.7,3.28,16.67,1.24,3.33,1.11,59.13,1.08,228.4,159.95,0,26.45,0
01-03-2024 00:00,02-03-2024 00:00,53.01,103.54,3,32.2,19.23,19.99,21.19,0.82,48.52,4.9,22.7,2,6.51,2.58,52.35,1.06,221.64,181.86,0,27.83,0
02-03-2024 00:00,03-03-2024 00:00,45.17,98.24,2.39,36.93,21.2,15.79,20.53,0.51,44.82,3.73,38.1,9.67,10.37,3.65,54.73,1.02,161.32,63.39,0,26.7,0
03-03-2024 00:00,04-03-2024 00:00,51.24,81.64,2.35,25.98,15.3,13.74,19.13,0.45,47.28,2.83,13,1.69,2.18,0.63,59.32,0.92,240.05,142.61,0.01,27.1,1
04-03-2024 00:00,05-03-2024 00:00,35.39,78.47,10.03,43.62,30.83,18.77,43.09,0.55,49.28,2.68,12.27,1.84,3.89,1.67,50.42,1.13,245.96,172.3,0,26.73,0
05-03-2024 00:00,06-03-2024 00:00,39.94,81.85,2.51,41.81,23.85,16.73,24.03,0.58,65.45,3.93,14.67,2.32,5.24,2.47,46.06,1.13,188.69,183.34,0,25.93,0
06-03-2024 00:00,07-03-2024 00:00,36.92,77.55,1.69,27.44,15.65,14.34,15.16,0.42,70.07,2.81,9.32,0.62,2.54,0.74,46.72,1.1,223.18,162.5,0,27.57,0
07-03-2024 00:00,08-03-2024 00:00,41.17,88.4,2.15,27.9,15.4,12.44,31.54,0.67,68.11,2.84,8.24,0.58,1.91,0.61,46.68,1.15,234.39,183.27,0,27.32,0
08-03-2024 00:00,09-03-2024 00:00,45.98,94.22,2.96,30.42,17.57,7.9,31.29,0.67,71.95,3.81,13.7,1.73,4.91,2.15,45.52,1.06,214.85,172.52,0,26.88,0
09-03-2024 00:00,10-03-2024 00:00,54.46,110.57,5.98,34.51,22.3,11.81,39.25,0.81,65.44,4.94,17.48,2.45,6.95,3.14,45.61,1.04,207.2,180.01,0,27,0
10-03-2024 00:00,11-03-2024 00:00,63.22,125.69,3.89,31.32,18.96,10.4,24.93,0.72,67.84,4.32,23.97,3.12,6.13,2.44,45.42,1.06,219.77,168.12,0,28.56,0
11-03-2024 00:00,12-03-2024 00:00,64.36,121.58,2.78,27.39,16.02,8.56,21.73,0.58,59.63,4.08,23.4,2.16,6.03,2.01,47.39,0.95,216.11,174.09,0,30.05,0
12-03-2024 00:00,13-03-2024 00:00,44.84,101.5,2.32,27.84,15.88,8.2,20.05,0.66,54.7,4.52,31.81,4.69,7.72,2.68,41.87,1.07,272.05,171.52,0,29.67,0
13-03-2024 00:00,14-03-2024 00:00,36.44,86.32,3.29,25.72,15.55,7.71,13.57,0.6,46,3.97,36.85,3.21,6.1,1.84,37.93,0.99,264.3,185.59,0,29.83,0
14-03-2024 00:00,15-03-2024 00:00,39.35,90.15,2.23,22.23,12.88,10.61,16.22,0.51,56.4,2.87,25.1,3.17,4.72,1.66,31.69,0.97,227.71,183.99,0,28.61,0
15-03-2024 00:00,16-03-2024 00:00,50.13,118.96,5.88,34.24,22.08,19.13,27.28,0.81,58.81,4.31,27.74,4.41,7.73,3.06,36.59,0.98,242.72,180.45,0,28.59,0
16-03-2024 00:00,17-03-2024 00:00,68.54,140.18,3.23,30.13,17.81,17.62,26.94,0.68,61.71,3.95,15.03,1.53,5.01,1.93,51.27,1,193.67,110.69,0,27.74,0
17-03-2024 00:00,18-03-2024 00:00,61.81,94.39,2.34,20.29,11.91,12.86,18.63,0.53,67.41,1.87,4.89,0.28,0.9,0.31,60.92,0.94,128.38,157.54,0.06,28.14,5
18-03-2024 00:00,19-03-2024 00:00,51.63,82.24,4.32,29.41,18.54,15.5,17.04,0.69,41.48,2.68,13.36,1.1,4.17,1.45,68.93,1.09,177.48,155.57,0,27.47,0.2
19-03-2024 00:00,20-03-2024 00:00,42.63,76.08,3.61,24.5,15.69,15.04,20.5,0.55,45.59,2.84,12.02,1.04,4.59,1.61,73.05,0.97,136.62,103.84,0.06,24.82,6.2
20-03-2024 00:00,21-03-2024 00:00,42.06,73.73,5.35,32.89,21.47,16.98,13.58,0.75,40.35,3.37,15.64,1.65,6.94,2.48,64.46,1,190.21,194.96,0,24.62,0
21-03-2024 00:00,22-03-2024 00:00,51.26,114.57,22.1,42.19,39.77,25.94,14.51,1.31,49.05,9.09,43.28,8.78,24.03,10.32,54.39,0.96,207.93,192.38,0,26.46,0
22-03-2024 00:00,23-03-2024 00:00,65.42,130.55,8.68,54.14,35.25,19.26,22.96,1.05,53.46,9.03,57.95,15.13,27.94,11.36,48.08,0.99,226.6,181.52,0,28.47,0
23-03-2024 00:00,24-03-2024 00:00,75.15,152.42,13.36,53.68,38.76,21.38,17.86,1.27,56.51,7.66,33.09,5.86,16.61,7.3,48.87,0.99,230.8,164.44,0,28.96,0
24-03-2024 00:00,25-03-2024 00:00,94.27,165.97,5.21,50.39,30.51,16.76,21.06,0.83,51.38,7.56,73.95,14.1,18.17,7.08,42.85,1.02,215.2,161.23,0,30.74,0
25-03-2024 00:00,26-03-2024 00:00,66.8,106.46,1.78,15.48,9.52,7.48,18.52,0.51,62.55,2.54,12.27,0.97,1.72,0.55,46.5,0.95,213.88,145.28,0,31.74,0
26-03-2024 00:00,27-03-2024 00:00,58.17,103.88,3.93,35.7,21.8,12.88,29.48,0.98,56.7,5.78,27.35,2.84,8.94,3.83,47.58,1.02,212.43,161.7,0,31.07,0
27-03-2024 00:00,28-03-2024 00:00,63.87,118.01,4.71,38.61,23.95,13.56,24.36,0.79,48.98,4.62,20.9,1.84,7.87,2.83,45.53,1.12,199.65,164.3,0,32.14,0
28-03-2024 00:00,29-03-2024 00:00,61.66,124.61,12.8,46.78,34.71,19.16,15.05,1.3,43.84,7.03,40.68,6.57,18.48,7.89,46.74,1.1,216.1,157.29,0,32.54,0
29-03-2024 00:00,30-03-2024 00:00,69.64,132.08,3.9,37.16,22.55,13.54,18.81,0.67,59.36,4.98,30.54,3.08,9.25,3.42,41.02,0.99,206.55,129.2,0,33.79,0
30-03-2024 00:00,31-03-2024 00:00,60.36,102.44,1.53,27.71,15.71,10.98,31.15,0.56,69.9,2.74,10.73,0.94,3.7,1.46,51.04,0.97,172.67,135.92,0.07,32.16,6.2
31-03-2024 00:00,01-04-2024 00:00,66.8,104.31,2.89,28.06,15.54,11.63,12.43,0.66,56.33,3.09,19.17,1.59,5.06,1.75,56.3,1.2,208.32,151.81,0,31.28,0
01-04-2024 00:00,02-04-2024 00:00,74.99,129.07,4.53,36.08,22.48,12.61,13.33,0.66,16.86,5.14,99.06,10.85,13.58,4.91,61.1,1.14,266.97,0,0,26.61,0
02-04-2024 00:00,03-04-2024 00:00,50.22,104.99,3.46,35.86,21.51,10.99,13.47,0.57,58.47,4.26,34.22,5.17,10.11,3.73,37.07,0.99,262.14,185.95,0,30.79,0
03-04-2024 00:00,04-04-2024 00:00,60.96,120.02,3.54,43.06,24.55,13.71,38.88,0.86,63.28,5.47,24.86,3.35,9.22,3.95,41.84,1.09,237.45,161.62,0,31.11,0
04-04-2024 00:00,05-04-2024 00:00,66.97,131.39,17.09,34.24,31.59,16.96,18.01,0.92,47.12,6.42,35.08,7.19,15.93,6.62,43.47,1.15,275.14,84.99,0,30.73,0
05-04-2024 00:00,06-04-2024 00:00,42.85,95.17,5.75,28.05,19.26,18.33,23.95,0.4,42,3.91,34.94,5.11,9.68,3.38,40.69,1.1,274.73,182.13,0,31.4,0
06-04-2024 00:00,07-04-2024 00:00,35.59,84.25,3.24,21.45,13.81,12.28,13.48,0.49,52.22,2.4,12.23,1.76,3.39,1.22,38.68,1.17,269.09,162.28,0,31.22,0
07-04-2024 00:00,08-04-2024 00:00,51.84,99.23,3.84,29.46,18.47,20.23,17.16,0.75,37.18,5.19,17.29,2.04,6.73,2.86,58.74,0.98,181.23,19.57,0.01,26.06,1.4
08-04-2024 00:00,09-04-2024 00:00,53.63,92.31,1.25,17.64,10.06,13.3,11.54,0.58,78.8,2.84,10.69,0.85,3.25,1.09,63.1,1.04,89.67,78.74,0,26.8,0.2
09-04-2024 00:00,10-04-2024 00:00,53.8,85.14,4.03,17.38,11.51,16.28,8.74,0.61,62.06,2.3,7.9,0.57,2.57,0.92,72.3,1.28,140.49,130.99,0.2,25.12,19.4
10-04-2024 00:00,11-04-2024 00:00,50.22,85.04,3.3,13.61,8.95,13.26,14.17,0.52,72.28,2.14,7.64,0.54,2.09,0.71,59.02,1.23,128.81,145.24,0,25.25,0.4
11-04-2024 00:00,12-04-2024 00:00,31,61.08,10.81,22.09,19.41,22.44,6.6,1.16,39.76,4.76,24.37,3.78,12.06,5.61,88.08,1.1,157.27,15.71,0.15,20.04,13.8
12-04-2024 00:00,13-04-2024 00:00,35.5,71.63,12.69,31.3,25.73,22.44,7.63,1.37,43.26,6.59,37.46,4.98,16.79,7.97,71.05,1.12,140.32,124.4,0,24.4,0.2
13-04-2024 00:00,14-04-2024 00:00,45.29,81.74,8.13,23.79,18.15,17.19,9.29,0.78,41.12,4.45,22.35,2.79,10.43,4.26,80.9,1.34,181.08,101.06,0.16,23.36,15
14-04-2024 00:00,15-04-2024 00:00,59.94,116.54,11.1,32.26,24.96,19.67,19.68,1.28,37.28,7.4,40.8,5.75,19.17,8.48,69.83,1.11,184.78,176.75,0,27.47,0
15-04-2024 00:00,16-04-2024 00:00,55.62,95.38,2.71,21.01,12.92,14.46,13.13,0.47,50.37,3.39,19.72,1.75,6.41,2.16,61.43,1.06,221.47,151.32,0,29.61,0
16-04-2024 00:00,17-04-2024 00:00,40.07,74.32,2.59,17.82,11.38,16,21.61,0.52,54.23,2.87,17.22,3.23,6.11,2.1,59.58,1.12,239.87,168.66,0,29.55,0
17-04-2024 00:00,18-04-2024 00:00,44.89,92.34,2.99,25.16,15.55,17.27,25.8,0.75,52.17,4.6,23.88,5.64,11.61,4.66,52.05,1.11,226.07,176.52,0,31.07,0
18-04-2024 00:00,19-04-2024 00:00,46.45,102.19,3.42,31,18.71,16.23,34.58,0.84,73.17,3.93,12.65,2.33,4.34,3.56,43.38,1.08,228.18,171.22,0,31.8,0
19-04-2024 00:00,20-04-2024 00:00,62.77,128.17,3.92,28.02,17.78,16.37,26.28,0.82,54.01,4.81,25.31,2.86,6.53,2.72,44.64,1.02,200.9,198.3,0,33.19,0
20-04-2024 00:00,21-04-2024 00:00,42.05,88.79,2.87,21.7,13.64,19.53,19.08,0.62,62.79,3.9,18.59,2.58,6.28,2.55,41.1,1.05,215.27,193.79,0,33.32,0.4
21-04-2024 00:00,22-04-2024 00:00,35.13,78.97,1.38,18.68,10.52,10,18.61,0.53,53.06,2.7,15.34,2,4.36,1.61,44.01,1.03,242.79,188.03,0,33.04,0
22-04-2024 00:00,23-04-2024 00:00,35.52,75.91,4.23,13.77,10.58,10.56,21.37,0.45,42.74,2.94,10.19,0.98,3.7,1.39,67.59,1.13,212.93,77.44,0.16,26.55,15.2
23-04-2024 00:00,24-04-2024 00:00,35.07,68.4,2.93,15.93,10.67,9.25,16.76,0.51,58.09,3.1,12.37,0.77,3.38,1.05,62.36,0.97,170.64,190.36,0,28.9,0.2
24-04-2024 00:00,25-04-2024 00:00,32.98,64.69,2.21,15.67,9.96,10.18,22.25,0.47,69.01,2.48,12.2,1,2.91,0.83,55.4,0.99,223.7,201.04,0,29.93,0
25-04-2024 00:00,26-04-2024 00:00,30.15,51.2,2.16,14.02,9.05,9.89,14.39,0.34,70.83,2.36,8.99,1.46,3.15,0.96,47.03,1.08,248.37,160.18,0,31.34,0
26-04-2024 00:00,27-04-2024 00:00,36.95,66.5,2.68,18.21,11.66,11.86,12.83,0.67,63.09,4.42,15.83,2.3,6.36,2.63,55.19,1.12,219.17,85.55,0,30.25,0.4
27-04-2024 00:00,28-04-2024 00:00,43.96,77.91,2.86,26.55,16.17,13.72,14.51,0.89,66.66,5.48,20.43,3.1,8.05,3.77,55.58,0.93,171.21,195.3,0.02,30.84,1.8
28-04-2024 00:00,29-04-2024 00:00,49.17,84.67,1.97,18.67,11.34,9.47,24.87,0.4,61.76,3.14,9.16,0.95,3.35,1.29,56.81,1.17,186.04,168.46,0,30.4,0.4
29-04-2024 00:00,30-04-2024 00:00,55.69,96.9,2.91,28.1,17.02,12.52,17.89,0.93,62.79,7.32,26.07,3.43,10.98,4.35,54.94,0.96,225.89,141.53,0,32.18,0
30-04-2024 00:00,01-05-2024 00:00,49.94,94.26,5.29,21.79,15.62,13.84,12.26,0.75,54.74,5.94,23.38,4.55,10.82,4.19,51.68,1,273.41,195.85,0.05,32.27,4.8
01-05-2024 00:00,02-05-2024 00:00,39.09,93.54,3.12,20.53,13.22,14.45,13.22,0.42,52.95,2.69,38.18,6.42,8.8,3.08,36.52,1.07,276.22,203.64,0,32.15,0
02-05-2024 00:00,03-05-2024 00:00,41.36,107.79,5.48,25.29,17.61,16.62,21.8,0.66,66.13,5.23,21.55,4.23,7.36,2.94,33.71,1.08,241.71,215.85,0,30.53,0
03-05-2024 00:00,04-05-2024 00:00,52.37,123.75,4.21,32.1,20.15,19.47,28.73,0.84,86.17,6.7,18.51,3.01,7.74,3.57,31.21,1.08,212.18,202.32,0,31.06,0
04-05-2024 00:00,05-05-2024 00:00,78.37,159.63,3.68,35.99,21.32,18.7,42.43,0.96,90.59,7.08,22.75,4.26,8.37,3.81,35.39,1.1,224.74,190.67,0,31.77,0
05-05-2024 00:00,06-05-2024 00:00,56.13,128.98,6.69,19.76,15.69,16.39,25.02,0.47,66.98,4.85,37.44,8.11,10.26,3.92,33.87,1.1,243.04,199.64,0,33.91,0
06-05-2024 00:00,07-05-2024 00:00,29.3,73.42,3.37,15.77,10.94,14.4,12.29,0.33,43.42,3.91,17.18,2.06,5.18,1.69,36.16,1.01,268.71,190.38,0,35.21,0
07-05-2024 00:00,08-05-2024 00:00,29.19,81.34,4.14,18.87,12.95,15.41,14.88,0.56,47.86,2.48,10.46,0.83,3.12,0.96,53.12,1.29,187.75,182.51,0,31.28,0
08-05-2024 00:00,09-05-2024 00:00,30.08,63.86,5.74,22.02,15.31,18.06,13.5,0.74,59.73,4.19,15.13,3.18,8.6,4.11,54.64,1.02,147.73,184.95,0,31.21,0.2
09-05-2024 00:00,10-05-2024 00:00,38.92,67.52,4.1,24.98,16.34,16.01,10.45,0.72,43.94,3.69,14.12,1.86,7.07,2.71,68.96,1.13,163.69,39.72,0.16,26.98,13.8
10-05-2024 00:00,11-05-2024 00:00,37.06,76.8,4.82,21.95,15.33,13.8,10.31,0.7,57.05,3.58,14.54,2.07,7.1,2.85,65.32,1.25,155.47,184.39,0,29.55,0
11-05-2024 00:00,12-05-2024 00:00,36.59,92.37,10.17,27.98,22.77,16.12,7.86,1.09,56.92,5.55,22.6,4.01,11.91,5.34,58.19,1.14,228.34,155.92,0,31.01,0
12-05-2024 00:00,13-05-2024 00:00,57.6,112.58,4.7,22.28,14.97,6.45,11.79,0.49,56.11,4.66,37.59,6.4,10.02,3.72,59.55,1.1,209.82,139.44,0,30.38,0
13-05-2024 00:00,14-05-2024 00:00,32.71,63.11,3.05,19.85,12.82,14.8,10.95,0.78,70.17,4.01,16.34,2.84,7.45,3.2,63.84,0.99,188.28,141.92,0,29.24,0
14-05-2024 00:00,15-05-2024 00:00,43.29,87.95,3.24,15.24,10.56,12.48,19.42,0.41,70.2,3.8,29.54,4.71,7.42,2.65,55.33,1.12,217.52,190.51,0,30.89,0
15-05-2024 00:00,16-05-2024 00:00,42.55,79.47,2.82,17.51,11.41,16.47,14.74,0.93,69.76,6.14,25.29,4.93,12.86,6.07,52.98,1.09,188.09,113.27,0,30.62,0
16-05-2024 00:00,17-05-2024 00:00,57.63,98.08,2.57,10.73,7.67,14.21,11.52,0.63,75,4.38,13.83,1.77,6.39,2.52,57.22,1.02,210.1,177.2,0,30.77,0.4
17-05-2024 00:00,18-05-2024 00:00,50.29,86.76,2.35,11.71,8.01,13.35,13.77,0.62,44.06,3.81,23.34,4.36,9.14,3.38,65.1,1.14,175.34,99.98,0,29.72,0
18-05-2024 00:00,19-05-2024 00:00,21.87,50.3,3.23,9.51,7.55,13.33,14.14,0.44,31.99,2.34,10.35,1.11,4.17,1.57,60.17,1.01,165.6,182.26,0,30.85,0
19-05-2024 00:00,20-05-2024 00:00,25.92,53.37,2.7,8.49,6.6,13.06,10.82,0.44,48.15,1.92,7.96,0.85,2.61,0.94,54.95,1.02,186.31,186.57,0,32.29,0
20-05-2024 00:00,21-05-2024 00:00,40.63,78.01,4.27,13.33,10.39,15.47,17.06,0.73,43.47,4.76,17.78,2.6,9,3.81,55.1,1.05,164.45,180.01,0,33.68,0
21-05-2024 00:00,22-05-2024 00:00,49.85,100.96,5.11,15.43,11.14,17.69,29.22,0.79,44.82,6.33,25.7,3.91,11.89,5.22,55.44,0.99,140.42,112.46,0,33.57,0
22-05-2024 00:00,23-05-2024 00:00,39.48,77.44,2.44,12.65,9.71,11.92,14.65,0.31,67.11,2.88,10.07,0.82,3.85,1.26,52.95,1.15,186.59,177.86,0,33.23,0
23-05-2024 00:00,24-05-2024 00:00,39.36,79.55,5.05,26.82,17.98,11.96,17.02,0.59,70.37,3.5,13.97,1.8,5.73,2.33,53.13,0.93,209.61,185.48,0,33.59,0
24-05-2024 00:00,25-05-2024 00:00,47.21,98.84,4.38,41.05,24.81,11.98,13.23,0.75,63.51,5.11,34.14,6.06,12.14,4.8,47.3,0.93,210.56,175.08,0,35.27,0
25-05-2024 00:00,26-05-2024 00:00,63.17,109.93,6.08,42.24,26.95,12.32,25.74,0.85,77.73,4.72,17.37,2.43,7.78,3.58,51.57,0.9,100.22,184.31,0,34.83,0
26-05-2024 00:00,27-05-2024 00:00,66.24,128.7,5.84,43.46,27.38,12.3,15.97,0.75,50.32,5.1,19.05,2.62,8.06,3.25,49.77,0.81,221.49,116.47,0,35.5,0
27-05-2024 00:00,28-05-2024 00:00,42.98,100.58,5.88,22.14,16.28,11.05,12.77,0.43,60.08,4.22,18,1.97,6.47,2.1,40.77,1.07,259.94,181.57,0,37.31,0
28-05-2024 00:00,29-05-2024 00:00,54.35,111.17,7.99,32.66,23.43,13.79,10.83,0.64,42.85,5.4,28.73,3.28,9.26,3.2,41.35,0.82,246.6,191.89,0,37.34,0
29-05-2024 00:00,30-05-2024 00:00,47.06,106.03,4.92,31.87,20.6,13.85,9.65,0.47,46.8,4.39,24.03,2.16,7.38,2.51,37.4,0.82,263.87,192.09,0,37.27,0
30-05-2024 00:00,31-05-2024 00:00,42.78,96.91,2.78,38.16,22.16,14.6,11.96,0.55,47.57,3.34,21.55,2.67,6.1,2.02,38.9,0.98,264.53,177.82,0,36.87,0
31-05-2024 00:00,01-06-2024 00:00,43.12,109.47,7.22,29.23,20.78,15.61,17.58,0.51,48.77,3.55,27.23,4.29,7.22,2.54,36.57,1,281.3,195.25,0,37.11,0
01-06-2024 00:00,02-06-2024 00:00,37.44,100.94,8.47,28.82,21.72,16.18,12.56,0.6,49.35,3.04,20.27,2.19,5.53,2.14,36.64,0.94,238.07,174.76,0,37.16,0
02-06-2024 00:00,03-06-2024 00:00,36.55,87.77,6.53,22.07,16.74,15.08,11.53,0.54,50.49,2.61,15.79,1.71,4.3,1.58,44.11,1.02,233.14,100.72,0.01,34.85,0.6
03-06-2024 00:00,04-06-2024 00:00,34.8,81.19,9.3,23.49,19.7,13.72,21.83,0.64,52.5,3.23,13.91,1.71,6.15,2.42,54.11,1.2,205.71,179.47,0.01,33.34,1
04-06-2024 00:00,05-06-2024 00:00,27.11,60.36,6.81,21.67,16.77,14.32,11.53,0.53,55.9,2.66,13.9,1.47,4.74,1.58,56.14,1.07,239.39,113.58,0,32.49,0
05-06-2024 00:00,06-06-2024 00:00,27.29,67.78,10.35,18.37,17.49,15.15,21.63,0.55,71.27,2.75,13.11,1.61,4.84,1.92,49.1,0.91,212.62,163.04,0,34.13,0
06-06-2024 00:00,07-06-2024 00:00,31.29,70.73,6.67,21.45,16.55,15.44,11.96,0.49,54.26,2.63,11.28,0.84,3.74,1.18,51.21,1.14,190.68,169.21,0,33.86,0
07-06-2024 00:00,08-06-2024 00:00,30.29,73.91,4.19,21.43,14.56,12.84,12.86,0.58,61.52,2.52,9.62,1.12,3.76,1.32,54.67,0.97,187.77,191.31,0,33.95,0
08-06-2024 00:00,09-06-2024 00:00,34.4,73.22,2.87,15.18,10.23,15.58,14.15,0.47,70.91,1.74,7.2,1.52,3.29,1.78,54.74,1.08,201.69,191.45,0.08,33.37,7.6
09-06-2024 00:00,10-06-2024 00:00,48.5,87.6,2.14,17.71,10.97,20.04,20.58,0.51,67.94,1.96,10.27,0.99,2.83,1.01,59.33,0.94,206.21,190.32,0,32.72,0
10-06-2024 00:00,11-06-2024 00:00,40.56,72.66,1.64,10.45,6.78,11.41,14.69,0.38,76.7,1.65,6.8,0.36,1.61,0.46,52.35,1.13,236.42,191.87,0,33.91,0
11-06-2024 00:00,12-06-2024 00:00,40.76,74.51,1.72,9.95,6.58,10.98,10.37,0.42,74.85,1.67,6.42,0.37,1.59,0.45,52.59,1.13,251.36,197.71,0,33.42,0
12-06-2024 00:00,13-06-2024 00:00,33.16,63.56,2.09,14.9,9.32,11.71,6.88,0.51,52.1,2.25,13.92,1.43,4.65,1.63,61.2,0.95,275.09,118.06,0,31.77,0
13-06-2024 00:00,14-06-2024 00:00,32.05,60.42,2.03,12.91,8.14,14.83,12.82,0.48,49.35,2.46,12.92,1.17,4.4,1.37,54.5,0.96,285.47,129.23,0,33.41,0
14-06-2024 00:00,15-06-2024 00:00,27.77,64.61,3.02,12.47,8.93,18.64,12.83,0.46,44.98,2.32,14.52,1.27,4.46,1.42,58,0.94,270.25,129.28,0.01,32.49,0.8
15-06-2024 00:00,16-06-2024 00:00,25.74,57.02,2.66,14.37,9.64,16.1,12.99,0.49,42.57,2.03,12.68,1.27,3.86,1.4,56.06,0.98,275.15,172.33,0,33.21,0
16-06-2024 00:00,17-06-2024 00:00,25.93,50.49,3.09,12.43,8.97,16.41,14.51,0.46,41.67,1.27,7.52,0.53,1.82,0.59,56.45,1.08,271.62,156.17,0,32.95,0
17-06-2024 00:00,18-06-2024 00:00,23.89,49.13,3.1,12.57,9.06,19.06,14.84,0.49,38.86,2.42,18.14,1.96,5.16,1.71,68.97,1,239.09,176.14,0.41,30.62,39.6
18-06-2024 00:00,19-06-2024 00:00,26.11,53.01,3.99,12.85,9.9,26.64,14.69,0.52,32.77,2.28,12.93,1.25,5.15,1.69,73.81,1.06,236.68,183.72,0,29.73,0
19-06-2024 00:00,20-06-2024 00:00,23.08,46.51,5.2,12.98,10.95,23.79,12.9,0.53,28.33,2.18,12.65,1.37,5.45,1.78,73.96,1.09,232.3,127.27,0,29.37,0
20-06-2024 00:00,21-06-2024 00:00,17.2,44.82,6.05,12.55,11.4,5.12,16.03,0.48,20.68,2.06,11.06,0.97,4.6,1.53,68.17,1.01,194.89,166.18,0,30.64,0.2
21-06-2024 00:00,22-06-2024 00:00,15.56,37.94,3.9,8.79,7.72,10.67,12.21,0.42,22.3,1.1,9.21,0.58,2.32,0.68,80.21,0.94,256.15,163.88,0.12,28,12
22-06-2024 00:00,23-06-2024 00:00,18.65,41.08,3.17,10.18,7.86,10.46,13.4,0.45,14.47,1.66,16.77,3.03,5.71,1.86,85.74,1.01,237.46,71.04,0,27.09,0
23-06-2024 00:00,24-06-2024 00:00,30.39,61.88,4.31,15.1,11.34,13.56,16.29,0.57,20.47,2.04,12.07,1.33,3.9,1.21,89.31,0.82,233.81,30.18,0.01,26.44,0.4
24-06-2024 00:00,25-06-2024 00:00,22.69,56.26,7.4,15.56,14.06,18.17,13.03,0.71,24.51,2.64,12.63,1.25,6.3,2.18,None,None,None,None,None,None,0
25-06-2024 00:00,26-06-2024 00:00,23.45,54.65,4.91,16.34,12.47,18.21,12.02,0.66,22.56,2.76,13.48,1.28,5.54,1.89,61.07,1.06,192.89,263.46,0,33.47,0
26-06-2024 00:00,27-06-2024 00:00,17.66,48.09,8.25,17.01,15.39,14.62,20.07,0.72,19.45,2.84,13.53,1.36,6.52,2.29,61.45,1.13,168.83,166.69,0,32.73,0
27-06-2024 00:00,28-06-2024 00:00,14.31,38.48,6.87,11.67,11.6,20.77,11.3,0.61,16.1,2.54,13.04,1.48,6.17,2.16,74.24,1.02,202.94,95.34,0.02,29.93,1.6
28-06-2024 00:00,29-06-2024 00:00,12.94,30.67,6.58,8.89,9.92,12.6,7.84,0.52,9.09,2.19,14.11,1.45,5.61,1.82,84.34,0.85,220.76,59.47,0.14,27.56,13.6
29-06-2024 00:00,30-06-2024 00:00,19.18,59.21,9.09,9.3,12.15,16.87,11.37,0.61,14.4,2.44,15.85,1.69,6.02,2.27,82.65,0.88,226.64,90.55,0.08,27.66,7.2
30-06-2024 00:00,01-07-2024 00:00,22.24,68.73,6.66,9.41,9.98,12.23,11.7,0.61,7.57,2.24,13.68,1.38,5.13,1.9,82.73,1.03,175.02,119.25,0.4,27.81,38
01-07-2024 00:00,02-07-2024 00:00,26.73,64.56,10.16,8.27,12.45,16.88,12.26,0.72,4.15,3.03,15.03,2.11,8.49,3.28,84.63,1.21,182.94,75.69,0.07,26.91,6.4
02-07-2024 00:00,03-07-2024 00:00,34.77,71.9,8.6,11.19,12.55,12.02,12.43,0.59,8.76,2.58,14.92,1.45,6.58,2.25,80.82,0.97,192.87,69.52,0,26.75,0.2
03-07-2024 00:00,04-07-2024 00:00,30.11,75.54,7.83,10.71,11.57,9.12,12.43,0.55,27.64,2.62,13.23,1.51,6.49,2.17,75.89,0.94,207.68,169.95,0.01,28.67,0.6
04-07-2024 00:00,05-07-2024 00:00,30.37,77.92,7.43,12.05,12.25,11.26,7.38,0.73,19.27,3.58,17.7,2.18,8.88,3.35,87.74,0.81,216.83,60.94,0.32,26.62,30.6
05-07-2024 00:00,06-07-2024 00:00,16.41,55.1,6.45,10.39,10.6,11.19,5.78,0.53,15.89,2.27,15.16,1.49,5.42,1.78,85.9,0.92,215.86,154.03,0.05,26.98,4.4
06-07-2024 00:00,07-07-2024 00:00,19.06,70.25,6.98,8.29,9.86,6.24,7.06,0.56,9.08,2.18,11.6,1.29,5.3,1.8,84.44,1.12,193.09,134.3,0.09,27.3,8.4
07-07-2024 00:00,08-07-2024 00:00,17.44,57.72,4.21,7.92,7.06,7.7,6.14,0.5,5.74,1.57,11.14,1.44,3.82,1.32,91.74,1.06,207.35,35.55,0.17,25.99,16.4
08-07-2024 00:00,09-07-2024 00:00,25.66,59.62,5.03,9.09,8.78,10.42,6.03,0.64,25.31,3.01,23.79,2.62,7.22,2.75,85.25,0.87,211.22,143.72,0.01,27.57,0.6
09-07-2024 00:00,10-07-2024 00:00,33.5,139.45,8.46,14.61,13.92,8.11,4.56,0.64,17.42,3.03,13.65,1.71,7.33,2.74,82.52,1.09,159.29,113.89,0,28.25,0
10-07-2024 00:00,11-07-2024 00:00,21.77,73.89,9.87,12.65,14.51,8.89,4.29,0.71,11.98,2.82,12.01,5.34,9.26,6.29,85.22,1.14,181.32,70.74,0,27.52,0.2
11-07-2024 00:00,12-07-2024 00:00,20.71,74.1,11.01,13.9,15.72,6.54,8.4,0.81,8.88,4.04,19.25,3.47,10.75,4.5,87.96,0.85,237.43,70.45,0.19,27.49,18
12-07-2024 00:00,13-07-2024 00:00,24.23,128.13,5.31,13.08,10.78,6.36,5.21,0.51,16.05,4.04,25.98,4.99,12.31,4.83,82.53,0.7,245.14,101.74,0,28.31,0
13-07-2024 00:00,14-07-2024 00:00,18.07,62.6,5.02,13.16,9.97,5.59,5.01,0.53,10.35,2.28,20.16,2.1,6.01,2.32,83.32,0.78,251.4,111.8,0.04,27.81,4
14-07-2024 00:00,15-07-2024 00:00,15.57,52.99,4.81,12.15,8.88,5.18,7.48,0.47,14.12,1.62,9.75,1.17,3.7,1.37,87.61,0.82,226.59,126.73,0.06,27.03,6
15-07-2024 00:00,16-07-2024 00:00,17.28,55.63,2.38,13.25,8.54,5.06,8.67,0.46,11.31,2.06,14.66,1.33,4.1,1.4,89.67,1.02,250.57,96.29,0.01,27.22,1.4
16-07-2024 00:00,17-07-2024 00:00,31.33,85.03,5.97,13.61,11.89,4.86,8.55,0.77,11.03,3.89,17.68,2.41,7.29,2.88,93.29,0.95,243.61,46.09,0.16,26.89,15.8
17-07-2024 00:00,18-07-2024 00:00,25.64,69.56,5.44,13.22,11.26,4.65,8.43,0.6,9.41,3.46,19.01,2.82,7.68,2.79,93.67,0.78,243.39,58.6,0.21,26.48,20.6
18-07-2024 00:00,19-07-2024 00:00,17.68,57.83,3.35,9.16,7.47,4.88,8.07,0.49,7.41,2.78,17.49,2.85,6.3,2.13,89.94,0.94,277.33,120.39,0.09,27.12,8.8
19-07-2024 00:00,20-07-2024 00:00,19.42,61.23,5.63,11.68,10.61,8.41,5.97,0.57,6.74,2.94,22.55,3.06,7.32,2.73,90.89,0.82,270.42,103.25,0.07,27.13,6.4
20-07-2024 00:00,21-07-2024 00:00,14.64,42.83,4.11,12.97,10.04,7.38,5.35,0.49,5.94,1.31,13.58,1.78,3.7,1.17,96.03,0.65,260.98,6.78,1.6,25.21,152.4
21-07-2024 00:00,22-07-2024 00:00,10,35.49,2.09,10.48,7.15,5.49,5.1,0.4,8.64,0.8,8.53,0.94,2.01,0.62,93.89,0.67,293.81,70.39,0.45,25.91,42.8
22-07-2024 00:00,23-07-2024 00:00,11.06,78.05,2.62,11.44,8.08,7.51,6.78,0.44,10.11,1.73,16.41,2.52,5.7,1.9,92.41,0.5,251.14,49.69,0.4,25.63,38
23-07-2024 00:00,24-07-2024 00:00,13.64,45.74,3.6,12.89,9.62,10.7,5.5,0.47,8.89,2.02,14.89,2.33,5.72,2.15,88.68,0.45,276.11,39.44,0.1,25.56,9.2
24-07-2024 00:00,25-07-2024 00:00,12.79,37.21,3.45,13.88,10,8.02,4.56,0.48,5.9,0.05,0,None,None,None,93.13,0.37,226.27,6.66,0.09,24.47,8.2
25-07-2024 00:00,26-07-2024 00:00,13.38,40.53,3.46,12.98,9.56,9.06,4.98,0.47,4.89,1.74,6.42,3.04,2.17,1.73,91.66,0.43,224.49,24.97,0.04,25.11,4.2
26-07-2024 00:00,27-07-2024 00:00,16.64,60.04,2.59,14.08,9.43,11.83,7.09,0.45,8.09,4.07,15.1,7.06,5.06,4.06,89.78,0.48,253.96,25.49,0.05,25.27,4.6
27-07-2024 00:00,28-07-2024 00:00,16.99,55.78,3.09,13.85,9.69,11.12,5.19,0.51,4.96,4.06,15.05,7.07,5.08,4.06,95.77,0.46,222.61,7.36,0.2,24.43,19.6
28-07-2024 00:00,29-07-2024 00:00,16.07,47.93,4.66,12.85,10.41,10.73,6.97,0.54,6.86,4.06,15.05,7.06,5.04,4.07,96.05,0.52,201.32,11.38,0.33,24.27,31.2
29-07-2024 00:00,30-07-2024 00:00,16.53,42.55,8.25,13.47,13.65,13.98,7.16,0.67,4.3,4.06,15.01,7.06,5.05,4.05,94.83,0.84,173.56,39.44,0.07,24.53,6.8
30-07-2024 00:00,31-07-2024 00:00,15.37,61.66,7,13.47,12.58,11.64,5.15,0.64,1.86,4.06,15.12,7.06,5.07,4.05,87.87,0.83,190.76,106.5,0,27.06,0
31-07-2024 00:00,01-08-2024 00:00,18.75,65.06,3.3,10.19,7.88,4.06,4.14,0.36,3.04,4.06,15.1,7.08,5.08,4.06,87.03,0.64,207.76,46.43,0,26.62,0
01-08-2024 00:00,02-08-2024 00:00,20.68,66.75,4.72,11.26,9.67,6.31,5.51,0.52,3,4.07,15.04,7.06,5.07,4.06,90.48,0.45,199.19,37.46,0.05,25.69,4.4
02-08-2024 00:00,03-08-2024 00:00,12.75,38.86,5.49,10.78,10.03,7.52,5.49,0.47,2.39,4.05,15.13,7.07,5.05,4.06,95.19,0.54,155.65,11.84,0.09,24.36,8.2
03-08-2024 00:00,04-08-2024 00:00,11.12,34.2,7.14,8.67,10.25,8.65,5.23,0.48,2.54,4.05,15.07,7.05,5.07,4.08,92.31,0.56,166.91,23.86,0.01,24.85,1
04-08-2024 00:00,05-08-2024 00:00,8.52,32.22,8.38,7.66,10.72,8.67,5.7,0.52,3.28,4.06,15.1,7.05,5.08,4.05,93.47,1.01,171.22,30.58,0.12,24.92,11.6
05-08-2024 00:00,06-08-2024 00:00,8.89,42.27,8.42,10.13,12.01,10.18,4.09,0.53,3.62,4.06,15.01,7.04,5.05,4.05,87.11,0.68,159.62,112.47,0.05,26.8,4.8
06-08-2024 00:00,07-08-2024 00:00,14.27,56.24,4.4,6.97,7.16,6.3,7.09,0.43,5.82,4.02,14.9,6.97,5.01,4.02,87.96,0.73,211.56,116.47,0.09,26.58,8.4
07-08-2024 00:00,08-08-2024 00:00,15.89,54.74,6.51,7.23,8.92,7.49,6.19,0.66,2.79,4.05,14.94,7.07,5.08,4.06,92.2,0.89,221.8,37.85,0.04,25.41,4
08-08-2024 00:00,09-08-2024 00:00,16.11,46.51,3.03,8.03,6.62,3.68,6.63,0.35,3.23,4.06,15.05,7.07,5.07,4.07,89.59,0.91,248.03,43.23,0,25.05,0.2
09-08-2024 00:00,10-08-2024 00:00,20.57,66.44,3.74,9.2,7.8,4.12,6.96,0.44,5.99,4.06,15.07,7.09,5.07,4.06,88.06,0.88,207.86,94.75,0.03,25.71,2.4
10-08-2024 00:00,11-08-2024 00:00,20.3,62.55,3.39,11.09,8.51,4.06,7.55,0.39,6.44,4.06,15.04,7.04,5.09,4.06,87.69,0.65,260,50.08,0,24.98,0
11-08-2024 00:00,12-08-2024 00:00,15.84,51.52,4.88,8.68,8.45,4.01,7.74,0.42,6.94,4.05,15.07,7.04,5.07,4.05,86.45,0.89,231.09,94.53,0.01,26.03,1.4
12-08-2024 00:00,13-08-2024 00:00,18.24,54.83,3.85,8.73,7.64,5.33,7.42,0.42,6.74,4.06,15.05,7.04,5.05,4.07,84.55,1,249.87,110.35,0,26.84,0.2
13-08-2024 00:00,14-08-2024 00:00,23.58,77.14,4.93,9.96,9.15,6.2,7.92,0.5,5.98,4.05,15.08,7.06,5.06,4.04,85.11,0.95,285.11,131.39,0,27.45,0.4
14-08-2024 00:00,15-08-2024 00:00,17.63,55.63,5.5,9.13,9.18,3.91,6.43,0.59,6.2,4.06,15.04,7.07,5.08,4.07,88.25,0.98,247,103.4,0.11,26.83,10.4
15-08-2024 00:00,16-08-2024 00:00,19.54,60.71,7.01,9.55,10.6,4.3,5.52,0.53,7.28,4.06,15.06,7.04,5.06,4.06,93.18,0.88,214.57,77.61,0.12,25.63,11.4
16-08-2024 00:00,17-08-2024 00:00,27.21,70.82,10.64,12.82,15.22,5.38,5.41,0.81,6.21,4.05,15.09,7.08,5.05,4.05,93.51,0.93,181.42,59.81,0.04,25.49,3.8
17-08-2024 00:00,18-08-2024 00:00,31.15,77.25,10.74,8.35,12.85,5.76,6.18,0.8,9.25,4.06,15.03,7.05,5.06,4.07,93.69,0.92,199.89,30.47,0.03,26.08,2.6
18-08-2024 00:00,19-08-2024 00:00,27.52,83.51,4.92,9.69,9.01,7.77,6.01,0.4,9.51,4.07,15.12,7.06,5.04,4.04,84.81,0.94,217.87,144.24,0,27.93,0
19-08-2024 00:00,20-08-2024 00:00,19.13,59.16,3.44,8.5,6.69,7.32,5.77,0.38,10.22,4.06,15.09,7.07,5.04,4.04,87.67,1.06,281.38,117.52,0.16,27.2,12.8
20-08-2024 00:00,21-08-2024 00:00,17.39,60.31,6.69,11.77,10.3,8.44,5.61,0.62,14.16,4.06,15.08,7.07,5.07,4.08,83,0.87,204.5,146.08,0,27.7,0
21-08-2024 00:00,22-08-2024 00:00,24.58,77.06,6.04,11.71,10.96,8.53,6.45,0.57,16.85,4.06,15.14,7.06,5.07,4.06,80.99,1.02,193.42,166.93,0,29.05,0
22-08-2024 00:00,23-08-2024 00:00,31.17,90.63,6.57,11.67,11.35,8.6,5.8,0.55,18.64,4.06,15.04,7.06,5.04,4.05,82.81,0.91,168.06,103.15,0,28.05,0
23-08-2024 00:00,24-08-2024 00:00,19.75,54.99,5.83,11.3,10.57,8.05,5.69,0.49,15.36,4.06,15.12,7.08,5.05,4.08,83.98,0.84,171.48,129.75,0.11,26.71,10.4
24-08-2024 00:00,25-08-2024 00:00,16.99,47.89,9.77,8.8,12.43,9.89,6.27,0.6,11.79,4.06,14.96,7.06,5.07,4.06,89.98,0.96,160.48,3.64,0.06,25.02,5.6
25-08-2024 00:00,26-08-2024 00:00,14.85,41.83,8.12,5.54,9.4,8.94,6.24,0.46,7.48,4.06,15.05,7.08,5.05,4.06,91.57,0.93,166.47,2.67,0.14,24.27,13.4
26-08-2024 00:00,27-08-2024 00:00,15.25,58.51,9.74,8.49,12.24,9.53,6.81,0.62,7.14,4.06,15.01,7.06,5.04,4.05,86.67,0.87,178.57,80.83,0,25.7,0.4
27-08-2024 00:00,28-08-2024 00:00,17.96,63.68,7.34,10.98,11.62,9.34,7.03,0.57,9.35,4.06,15.04,7.07,5.06,4.07,79.79,0.75,160.81,126.95,0,27.25,0
28-08-2024 00:00,29-08-2024 00:00,13.34,54.85,6.04,9.6,9.85,8.73,6.61,0.46,8.43,4.07,15.07,7.04,5.06,4.06,76.39,0.69,148.83,21.41,0,28.08,0.2
29-08-2024 00:00,30-08-2024 00:00,18.59,46.54,2.01,6.28,4.85,15.93,5.8,0.37,8.37,4.06,15.03,7.05,5.05,4.07,89.49,1.09,273.18,38.7,0.03,25.93,3.2
30-08-2024 00:00,31-08-2024 00:00,18.18,43.94,3.08,7.3,6.24,10.88,5.58,0.38,7.5,3.33,12.96,5.78,4.65,3.28,94.54,1.1,246.02,38.87,0.66,24.98,63.2
31-08-2024 00:00,01-09-2024 00:00,30.3,62.33,1.81,7.25,5.24,8.87,8.74,0.37,17.19,1.61,7.31,1.9,2.72,1,85.11,1.27,297.62,58.08,0.14,27.32,13
01-09-2024 00:00,02-09-2024 00:00,26.96,55.98,1.57,4.24,3.47,7.72,10.06,0.37,22.43,0.81,3.36,0.4,1.36,0.07,83.53,0.96,220.06,11.16,0.01,28.09,0.6
02-09-2024 00:00,03-09-2024 00:00,23.03,46.04,2.99,7.87,6.51,8.61,9.78,0.45,13.74,1.66,6.97,0.79,3.34,0.08,91.23,0.74,132.62,21.44,0.72,26.22,69.6
03-09-2024 00:00,04-09-2024 00:00,19.26,41.48,6.65,7.88,9.45,9.27,9.96,0.58,9.34,1.7,9.61,1.1,4.75,0.1,88.48,0.73,150.45,13.39,0,26.27,0.2
04-09-2024 00:00,05-09-2024 00:00,21.65,43.85,2.06,5.51,4.53,8.26,9.7,0.34,13.6,1.11,6.53,0.81,2.72,0.06,86.96,0.91,269.72,16.27,0,27.1,0
05-09-2024 00:00,06-09-2024 00:00,24.56,63.22,3.4,8.93,7.39,9.66,10.2,0.5,13.29,1.89,13.37,3.49,7.21,0.16,83.63,0.82,221.71,18.2,0,27.26,0.2
06-09-2024 00:00,07-09-2024 00:00,22.53,72.91,2.42,7.15,5.68,8.31,7.5,0.41,11.61,1.32,15.45,2.32,5.11,0.12,81.34,0.93,242.07,50.35,0,27.88,0
07-09-2024 00:00,08-09-2024 00:00,14.84,48.28,3.79,8.18,7.31,11.85,7.07,0.47,12.47,0.72,7.91,0.9,1.91,0.28,88.17,0.87,264.44,42.45,0.19,26.77,17.8
08-09-2024 00:00,09-09-2024 00:00,15.75,54.26,2.31,5.04,4.48,9.95,10.72,0.37,13.34,0.91,9.86,1.55,3.34,1.34,86.82,0.82,302.12,42.72,0,27.1,0.2
09-09-2024 00:00,10-09-2024 00:00,19.47,58.15,4.97,7.19,7.08,11.23,9.03,0.51,10.98,2.41,17.61,4.88,11.59,4.43,87.14,0.79,292.74,45.74,0.15,27.02,14.2
10-09-2024 00:00,11-09-2024 00:00,17.62,54.26,4.47,9.19,8.38,11.98,8.21,0.56,7.92,2.27,22.12,6.12,12.35,4.64,96.74,0.52,183.37,3.67,0.19,25.09,17.8
11-09-2024 00:00,12-09-2024 00:00,22.76,67.15,6.06,8.21,9.16,12.51,9.02,0.56,11.8,2.63,18.87,3.98,13.46,5.35,86.77,0.56,142.19,36.79,0,26.26,0.4
12-09-2024 00:00,13-09-2024 00:00,19.77,68.22,5.23,10.29,9.58,13.11,9.37,0.52,10.38,2.39,22.25,5.28,13.59,5.13,86.16,0.59,171.41,47.91,0.12,26.19,11.4
13-09-2024 00:00,14-09-2024 00:00,19.82,68.93,3.78,9.05,7.76,7.78,6.46,0.43,7.67,2.14,21.67,5.25,12.15,4.41,84.94,0.82,214.69,31.96,0,25.81,0
14-09-2024 00:00,15-09-2024 00:00,24.39,96.5,3.23,11.5,8.6,6.93,6.03,0.4,17.79,1.85,16.72,3.51,7.41,2.55,77.34,0.91,271.85,44.96,0,26.25,0
15-09-2024 00:00,16-09-2024 00:00,20.6,66.5,0.92,7.5,4.65,5.65,4.09,0.31,20.39,1.33,14.61,3.57,7.72,2.57,78.44,0.93,258.59,49.4,0,25.97,0
16-09-2024 00:00,17-09-2024 00:00,20.2,78.54,0.55,4.95,2.96,4.58,4.73,0.26,30.2,0.45,4.5,0.56,1.15,0.5,76.81,1.07,311.55,46.48,0,26.81,0
17-09-2024 00:00,18-09-2024 00:00,25.15,86.27,1.27,7.34,4.74,5.35,5.63,0.36,33.08,1.53,14.87,2.31,8.09,3.09,78.58,0.75,310.86,48.78,0,26.25,0
18-09-2024 00:00,19-09-2024 00:00,22.91,65.82,3.04,12.51,8.92,7.11,6.05,0.56,25.21,2.51,18.27,3.95,11.33,4.26,82.82,0.84,263.56,60.4,0.03,25.91,2.4
19-09-2024 00:00,20-09-2024 00:00,35.12,107.51,1.82,10.2,6.79,5.48,4.67,0.48,25.39,2.36,19.43,4.03,10.23,3.64,81.2,1,239.89,68.38,0,27.21,0
20-09-2024 00:00,21-09-2024 00:00,33.59,98.52,1.65,8.64,5.83,5.35,4.66,0.47,22.01,2.24,14.68,2.39,7.93,3.02,80.14,1.12,290.76,63.39,0,27.71,0
21-09-2024 00:00,22-09-2024 00:00,33.87,103.38,2.65,9.77,7.23,5.13,10.93,0.38,19.92,1.29,12.09,1.9,3.96,1.56,79.58,1.14,298.36,64.45,0,28.36,0
22-09-2024 00:00,22-09-2024 14:58,28.05,86.47,2.84,6.92,5.89,4.49,5.11,0.45,21.77,1.27,7.01,0.85,2.49,1.07,83.41,0.93,288.99,80.6,0.01,27.89,0.6
,,,,,,,,,,,,,,,,,,,,,,
,,,,,,,,,,,,,,,,,,,,,,
,,,,,,,,,,,,,,,,,,,,,,
,,,,,,,,,,,,,,,,,,,,,,
,,,,,,,,,,,,,,,,,,,,,,
,,,,,,,,,,,,,,,,,,,,,,
,,,,,,,,,,,,,,,,,,,,,,
,,,,,,,,,,,,,,,,,,,,,,
,,,,,,,,,,,,,,,,,,,,,,
,,,,,,,,,,,,,,,,,,,,,,
,,,,,,,,,,,,,,,,,,,,,,
,,,,,,,,,,,,,,,,,,,,,,
,,,,,,,,,,,,,,,,,,,,,,
,,,,,,,,,,,,,,,,,,,,,,
,,,,,,,,,,,,,,,,,,,,,,
,,,,,,,,,,,,,,,,,,,,,,
,,,,,,,,,,,,,,,,,,,,,,
,,,,,,,,,,,,,,,,,,,,,,
,,,,,,,,,,,,,,,,,,,,,,
,,,,,,,,,,,,,,,,,,,,,,
,,,,,,,,,,,,,,,,,,,,,,
,,,,,,,,,,,,,,,,,,,,,,
,,,,,,,,,,,,,,,,,,,,,,
,,,,,,,,,,,,,,,,,,,,,,
,,,,,,,,,,,,,,,,,,,,,,
,,,,,,,,,,,,,,,,,,,,,,
,,,,,,,,,,,,,,,,,,,,,,
,,,,,,,,,,,,,,,,,,,,,,
,,,,,,,,,,,,,,,,,,,,,,
,,,,,,,,,,,,,,,,,,,,,,
,,,,,,,,,,,,,,,,,,,,,,
,,,,,,,,,,,,,,,,,,,,,,
,,,,,,,,,,,,,,,,,,,,,,
,,,,,,,,,,,,,,,,,,,,,,
,,,,,,,,,,,,,,,,,,,,,,
,,,,,,,,,,,,,,,,,,,,,,
,,,,,,,,,,,,,,,,,,,,,,
,,,,,,,,,,,,,,,,,,,,,,
,,,,,,,,,,,,,,,,,,,,,,
,,,,,,,,,,,,,,,,,,,,,,
,,,,,,,,,,,,,,,,,,,,,,
,,,,,,,,,,,,,,,,,,,,,,
,,,,,,,,,,,,,,,,,,,,,,
,,,,,,,,,,,,,,,,,,,,,,
,,,,,,,,,,,,,,,,,,,,,,
,,,,,,,,,,,,,,,,,,,,,,
,,,,,,,,,,,,,,,,,,,,,,
,,,,,,,,,,,,,,,,,,,,,,
,,,,,,,,,,,,,,,,,,,,,,
,,,,,,,,,,,,,,,,,,,,,,
,,,,,,,,,,,,,,,,,,,,,,
,,,,,,,,,,,,,,,,,,,,,,
,,,,,,,,,,,,,,,,,,,,,,
,,,,,,,,,,,,,,,,,,,,,,
,,,,,,,,,,,,,,,,,,,,,,
,,,,,,,,,,,,,,,,,,,,,,
,,,,,,,,,,,,,,,,,,,,,,
,,,,,,,,,,,,,,,,,,,,,,
,,,,,,,,,,,,,,,,,,,,,,
,,,,,,,,,,,,,,,,,,,,,,
,,,,,,,,,,,,,,,,,,,,,,
,,,,,,,,,,,,,,,,,,,,,,
,,,,,,,,,,,,,,,,,,,,,,
,,,,,,,,,,,,,,,,,,,,,,
,,,,,,,,,,,,,,,,,,,,,,
,,,,,,,,,,,,,,,,,,,,,,
,,,,,,,,,,,,,,,,,,,,,,
,,,,,,,,,,,,,,,,,,,,,,
,,,,,,,,,,,,,,,,,,,,,,
,,,,,,,,,,,,,,,,,,,,,,
,,,,,,,,,,,,,,,,,,,,,,
,,,,,,,,,,,,,,,,,,,,,,
,,,,,,,,,,,,,,,,,,,,,,
,,,,,,,,,,,,,,,,,,,,,,
,,,,,,,,,,,,,,,,,,,,,,
,,,,,,,,,,,,,,,,,,,,,,
,,,,,,,,,,,,,,,,,,,,,,
,,,,,,,,,,,,,,,,,,,,,,
,,,,,,,,,,,,,,,,,,,,,,
,,,,,,,,,,,,,,,,,,,,,,
,,,,,,,,,,,,,,,,,,,,,,
,,,,,,,,,,,,,,,,,,,,,,
,,,,,,,,,,,,,,,,,,,,,,
,,,,,,,,,,,,,,,,,,,,,,
,,,,,,,,,,,,,,,,,,,,,,
,,,,,,,,,,,,,,,,,,,,,,
,,,,,,,,,,,,,,,,,,,,,,
,,,,,,,,,,,,,,,,,,,,,,
,,,,,,,,,,,,,,,,,,,,,,
,,,,,,,,,,,,,,,,,,,,,,
,,,,,,,,,,,,,,,,,,,,,,
,,,,,,,,,,,,,,,,,,,,,,
,,,,,,,,,,,,,,,,,,,,,,
,,,,,,,,,,,,,,,,,,,,,,
,,,,,,,,,,,,,,,,,,,,,,
,,,,,,,,,,,,,,,,,,,,,,
,,,,,,,,,,,,,,,,,,,,,,
,,,,,,,,,,,,,,,,,,,,,,
,,,,,,,,,,,,,,,,,,,,,,
,,,,,,,,,,,,,,,,,,,,,,
,,,,,,,,,,,,,,,,,,,,,,
,,,,,,,,,,,,,,,,,,,,,,
,,,,,,,,,,,,,,,,,,,,,,
,,,,,,,,,,,,,,,,,,,,,,
,,,,,,,,,,,,,,,,,,,,,,
,,,,,,,,,,,,,,,,,,,,,,
,,,,,,,,,,,,,,,,,,,,,,
,,,,,,,,,,,,,,,,,,,,,,
,,,,,,,,,,,,,,,,,,,,,,
,,,,,,,,,,,,,,,,,,,,,,
,,,,,,,,,,,,,,,,,,,,,,
,,,,,,,,,,,,,,,,,,,,,,
,,,,,,,,,,,,,,,,,,,,,,
,,,,,,,,,,,,,,,,,,,,,,
,,,,,,,,,,,,,,,,,,,,,,
,,,,,,,,,,,,,,,,,,,,,,
,,,,,,,,,,,,,,,,,,,,,,
,,,,,,,,,,,,,,,,,,,,,,
,,,,,,,,,,,,,,,,,,,,,,
,,,,,,,,,,,,,,,,,,,,,,
,,,,,,,,,,,,,,,,,,,,,,
,,,,,,,,,,,,,,,,,,,,,,
,,,,,,,,,,,,,,,,,,,,,,
,,,,,,,,,,,,,,,,,,,,,,
,,,,,,,,,,,,,,,,,,,,,,
,,,,,,,,,,,,,,,,,,,,,,
,,,,,,,,,,,,,,,,,,,,,,
,,,,,,,,,,,,,,,,,,,,,,
,,,,,,,,,,,,,,,,,,,,,,
,,,,,,,,,,,,,,,,,,,,,,
,,,,,,,,,,,,,,,,,,,,,,
,,,,,,,,,,,,,,,,,,,,,,
,,,,,,,,,,,,,,,,,,,,,,
,,,,,,,,,,,,,,,,,,,,,,
,,,,,,,,,,,,,,,,,,,,,,
,,,,,,,,,,,,,,,,,,,,,,
,,,,,,,,,,,,,,,,,,,,,,
,,,,,,,,,,,,,,,,,,,,,,
,,,,,,,,,,,,,,,,,,,,,,
,,,,,,,,,,,,,,,,,,,,,,
,,,,,,,,,,,,,,,,,,,,,,
,,,,,,,,,,,,,,,,,,,,,,
,,,,,,,,,,,,,,,,,,,,,,
,,,,,,,,,,,,,,,,,,,,,,
,,,,,,,,,,,,,,,,,,,,,,
,,,,,,,,,,,,,,,,,,,,,,
,,,,,,,,,,,,,,,,,,,,,,
,,,,,,,,,,,,,,,,,,,,,,
,,,,,,,,,,,,,,,,,,,,,,
,,,,,,,,,,,,,,,,,,,,,,
,,,,,,,,,,,,,,,,,,,,,,
,,,,,,,,,,,,,,,,,,,,,,
,,,,,,,,,,,,,,,,,,,,,,
,,,,,,,,,,,,,,,,,,,,,,
,,,,,,,,,,,,,,,,,,,,,,
,,,,,,,,,,,,,,,,,,,,,,
,,,,,,,,,,,,,,,,,,,,,,
,,,,,,,,,,,,,,,,,,,,,,
,,,,,,,,,,,,,,,,,,,,,,
,,,,,,,,,,,,,,,,,,,,,,
,,,,,,,,,,,,,,,,,,,,,,
,,,,,,,,,,,,,,,,,,,,,,
,,,,,,,,,,,,,,,,,,,,,,
,,,,,,,,,,,,,,,,,,,,,,
,,,,,,,,,,,,,,,,,,,,,,
,,,,,,,,,,,,,,,,,,,,,,
,,,,,,,,,,,,,,,,,,,,,,
,,,,,,,,,,,,,,,,,,,,,,
,,,,,,,,,,,,,,,,,,,,,,
,,,,,,,,,,,,,,,,,,,,,,
,,,,,,,,,,,,,,,,,,,,,,
,,,,,,,,,,,,,,,,,,,,,,
,,,,,,,,,,,,,,,,,,,,,,
,,,,,,,,,,,,,,,,,,,,,,
,,,,,,,,,,,,,,,,,,,,,,
,,,,,,,,,,,,,,,,,,,,,,
,,,,,,,,,,,,,,,,,,,,,,
,,,,,,,,,,,,,,,,,,,,,,
,,,,,,,,,,,,,,,,,,,,,,
,,,,,,,,,,,,,,,,,,,,,,
,,,,,,,,,,,,,,,,,,,,,,
,,,,,,,,,,,,,,,,,,,,,,
,,,,,,,,,,,,,,,,,,,,,,
,,,,,,,,,,,,,,,,,,,,,,
,,,,,,,,,,,,,,,,,,,,,,
,,,,,,,,,,,,,,,,,,,,,,
,,,,,,,,,,,,,,,,,,,,,,
,,,,,,,,,,,,,,,,,,,,,,
,,,,,,,,,,,,,,,,,,,,,,
,,,,,,,,,,,,,,,,,,,,,,
,,,,,,,,,,,,,,,,,,,,,,
,,,,,,,,,,,,,,,,,,,,,,
,,,,,,,,,,,,,,,,,,,,,,
,,,,,,,,,,,,,,,,,,,,,,
,,,,,,,,,,,,,,,,,,,,,,
,,,,,,,,,,,,,,,,,,,,,,
,,,,,,,,,,,,,,,,,,,,,,
,,,,,,,,,,,,,,,,,,,,,,
,,,,,,,,,,,,,,,,,,,,,,
,,,,,,,,,,,,,,,,,,,,,,
,,,,,,,,,,,,,,,,,,,,,,
,,,,,,,,,,,,,,,,,,,,,,
,,,,,,,,,,,,,,,,,,,,,,
,,,,,,,,,,,,,,,,,,,,,,
,,,,,,,,,,,,,,,,,,,,,,
,,,,,,,,,,,,,,,,,,,,,,
,,,,,,,,,,,,,,,,,,,,,,
,,,,,,,,,,,,,,,,,,,,,,
,,,,,,,,,,,,,,,,,,,,,,
,,,,,,,,,,,,,,,,,,,,,,
,,,,,,,,,,,,,,,,,,,,,,
,,,,,,,,,,,,,,,,,,,,,,
,,,,,,,,,,,,,,,,,,,,,,
,,,,,,,,,,,,,,,,,,,,,,
,,,,,,,,,,,,,,,,,,,,,,
,,,,,,,,,,,,,,,,,,,,,,
,,,,,,,,,,,,,,,,,,,,,,
,,,,,,,,,,,,,,,,,,,,,,
,,,,,,,,,,,,,,,,,,,,,,
,,,,,,,,,,,,,,,,,,,,,,
,,,,,,,,,,,,,,,,,,,,,,
,,,,,,,,,,,,,,,,,,,,,,
,,,,,,,,,,,,,,,,,,,,,,
,,,,,,,,,,,,,,,,,,,,,,
,,,,,,,,,,,,,,,,,,,,,,
,,,,,,,,,,,,,,,,,,,,,,
,,,,,,,,,,,,,,,,,,,,,,
,,,,,,,,,,,,,,,,,,,,,,
,,,,,,,,,,,,,,,,,,,,,,
,,,,,,,,,,,,,,,,,,,,,,
,,,,,,,,,,,,,,,,,,,,,,
,,,,,,,,,,,,,,,,,,,,,,
,,,,,,,,,,,,,,,,,,,,,,
,,,,,,,,,,,,,,,,,,,,,,
,,,,,,,,,,,,,,,,,,,,,,
,,,,,,,,,,,,,,,,,,,,,,
,,,,,,,,,,,,,,,,,,,,,,
,,,,,,,,,,,,,,,,,,,,,,
,,,,,,,,,,,,,,,,,,,,,,
,,,,,,,,,,,,,,,,,,,,,,
,,,,,,,,,,,,,,,,,,,,,,
,,,,,,,,,,,,,,,,,,,,,,
,,,,,,,,,,,,,,,,,,,,,,
,,,,,,,,,,,,,,,,,,,,,,
,,,,,,,,,,,,,,,,,,,,,,
,,,,,,,,,,,,,,,,,,,,,,
,,,,,,,,,,,,,,,,,,,,,,
,,,,,,,,,,,,,,,,,,,,,,
,,,,,,,,,,,,,,,,,,,,,,
,,,,,,,,,,,,,,,,,,,,,,
,,,,,,,,,,,,,,,,,,,,,,
,,,,,,,,,,,,,,,,,,,,,,
,,,,,,,,,,,,,,,,,,,,,,
,,,,,,,,,,,,,,,,,,,,,,
,,,,,,,,,,,,,,,,,,,,,,
,,,,,,,,,,,,,,,,,,,,,,
,,,,,,,,,,,,,,,,,,,,,,
,,,,,,,,,,,,,,,,,,,,,,
,,,,,,,,,,,,,,,,,,,,,,
,,,,,,,,,,,,,,,,,,,,,,
,,,,,,,,,,,,,,,,,,,,,,
,,,,,,,,,,,,,,,,,,,,,,
,,,,,,,,,,,,,,,,,,,,,,
,,,,,,,,,,,,,,,,,,,,,,
,,,,,,,,,,,,,,,,,,,,,,
,,,,,,,,,,,,,,,,,,,,,,
,,,,,,,,,,,,,,,,,,,,,,
,,,,,,,,,,,,,,,,,,,,,,
,,,,,,,,,,,,,,,,,,,,,,
,,,,,,,,,,,,,,,,,,,,,,
,,,,,,,,,,,,,,,,,,,,,,
